{
  "n_test": 1582,
  "metrics": {
    "cm": [
      [619, 120],
      [74, 769]
    ],
    "accuracy": 0.877370417193426,
    "precision": 0.8650168728908887,
    "recall": 0.9122182680901542,
    "f1": 0.8879907621247113,
    "roc_auc": 0.9403589538618601,
    "brier": 0.09240095775547379
  }
}
